Workbook

Sheet Start Here
A1: MK Thunder Stats – Excel Control Workbook
A3: How to use it
A4: 1 | B4: Players | C4: Add each player once. Keep the Player ID unique.
A5: 2 | B5: Games | C5: Add each Thunder game once with a Game ID such as 2026-001.
A6: 3 | B6: Player Game Stats | C6: After each game, add one row per player who dressed.
A7: 4 | B7: Netminder Stats | C7: Enter netminder game figures when applicable.
A8: 5 | B8: Dashboard | C8: Season totals calculate automatically.
A9: Tip | B9: Edit the input tabs only. | C9: Green cells contain formulas.

Sheet Teams
A1: Teams
A3: Team ID | B3: Team Name | C3: Short name | D3: Logo file | E3: Rink | F3: City | G3: Website | H3: Active?
A4: T001 | B4: Milton keynes Thunder | C4: MK Thunder | D4: thunder-logo.png | E4: Planet ice Milton Keynes | F4: Milton Keynes | G4: https://thundericehockey.co.uk/ | H4: Yes
A5: T002 | B5: Deeside Dragons | C5: Deeside | D5: dragons.png | E5: Deeside Ice Arena | F5: Deeside | H5: Yes
A6: T003 | B6: Romford Buccaneers | C6: Romford | D6: romford.png | E6: Sapphire Ice and Leisure Centre | F6: Romford | H6: Yes
A7: T004 | B7: Chelmsford Warriors | C7: Chelmsford | D7: Chelmsford.png | E7: Riverside Leisure Centre | F7: Chelmsford | H7: Yes
A8: T005 | B8: Invicta Mustangs | C8: Invicta | D8: invicta.png | E8: Planet Ice Gillingham | F8: Gillingham | H8: Yes
A9: T006 | B9: Guildford Phoenix | C9: Guildford | D9: guildford.png | E9: Guildford Spectrum | F9: Guildford | H9: Yes
A10: T007 | B10: Peterborough Phantoms 2 | C10: Peterborough | D10: Peterborough.png | E10: Planet Ice Peterborough | F10: Peterborough | H10: Yes
A11: T008 | B11: Haringey Huskies | C11: Haringey | D11: haringey.png | E11: Alexandra Palace Ice Rink | F11: London | H11: Yes
A12: T009 | B12: Cardiff Canucks | C12: Carfiff | D12: cardiff.png | E12: Vindico Arena | F12: Cardiff | H12: Yes
A13: T010 | B13: Oxford Stars | C13: Oxford | D13: oxford.png | E13: Oxford Ice Rink | F13: Oxford | H13: Yes
A14: T011 | B14: Bristol Pitbulls 2 | C14: Bristol | D14: bristol.png | E14: Planet Ice Bristol | F14: Bristol | H14: Yes
A15: T012 | B15: Slough Spitfires | C15: Slough | D15: slough.png | E15: Slough Ice Arena | F15: Slough | H15: Yes
A16: T013 | B16: Solent Junior Devils | C16: Solent | D16: solent.png | E16: Planet Ice Gosport | F16: Gosport | H16: Yes
... A18: T015 | B18: Basingstoke Bison 2 | C18: Basingstoke | D18: basingstoke.png | E18: Planet Ice Basingstoke | F18: Basingstoke | H18: Yes

Sheet Players
A1: Players
A3: Player ID | B3: Name | C3: Number | D3: Position | E3: Active? | F3: Photo / URL | G3: Notes
A4: P001 | B4: Sam Peters | C4: 9 | D4: Forward | E4: Yes | F4: Peters.png
A5: P002 | B5: Marks Kanins | C5: 97 | D5: Forward | E5: Yes | F5: marks.png
A6: P003 | B6: Dominic Wealthall | C6: 74 | D6: Defence | E6: Yes | F6: dom.png | G6: Captain
A7: P004 | B7: Aaron Burton | C7: 29 | D7: Netminder | E7: Yes | F7: arron.png
A8: P005 | B8: Charlie Russell | C8: 12 | D8: Forward | E8: Yes | F8: russell.png
A9: P006 | B9: Lewis Smith | C9: 13 | D9: Forward | E9: Yes | F9: smith.png
A10: P007 | B10: Robert Oxley | C10: 5 | D10: Defence | E10: Yes | F10: rob.png
A11: P008 | B11: Madi Wright | C11: 10 | D11: Defence | E11: Yes | F11: madi.png
A12: P009 | B12: Lizzie Nowik | C12: 2 | D12: Netminder | E12: Yes | F12: lizzie.png
A13: P010 | B13: Nicole Jackson | C13: 86 | D13: Netminder | E13: Yes | F13: nicole.png
A14: P011 | B14: Xander Robinson | C14: 14 | D14: Forward | E14: Yes | F14: robinson.png
A15: P012 | B15: Joshua Blackwood | C15: 18 | D15: Forward | E15: Yes | F15: Josh.png
A16: P013 | B16: Harry MacGarvery | C16: 22 | D16: Forward | E16: Yes | F16: macGarvey.png
A17: P014 | B17: Chalie Conroy | C17: 24 | D17: Forward | E17: Yes | F17: conroy.png
A18: P015 | B18: Oliver Broyd | C18: 33 | D18: Forward | E18: Yes
A19: P016 | B19: Connor Mellett | C19: 37 | D19: Forward | E19: Yes | F19: mellett.png
A20: P017 | B20: Hayden Hagger | C20: 45 | D20: Forward | E20: Yes | F20: hagger.png
A21: P018 | B21: Sam Purcell | C21: 64 | D21: Forward | E21: Yes | F21: purcell.png
A22: P019 | B22: Samuel Rickard | C22: 65 | D22: Forward | E22: Yes | F22: rickard.png
A23: P020 | B23: Oscar Lee | C23: 68 | D23: Forward | E23: Yes | F23: oscar.png
A24: P021 | B24: Jacob Maidment | C24: 89 | D24: Forward | E24: Yes | F24: maidment.png
A25: P022 | B25: Corey Taylor | C25: 16 | D25: Defence | E25: Yes | F25: taylor.png
A26: P023 | B26: James Bryan | C26: 23 | D26: Defence | E26: Yes | F26: bryan.png
A27: P024 | B27: Josh Furnell | C27: 33 | D27: Defence | E27: Yes | F27: furnell.png
A28: P025 | B28: Josh Hickman | C28: 40 | D28: Defence | E28: Yes | F28: hickman.png
A29: P026 | B29: Ryan Wonfor | C29: 77 | D29: Defence | E29: Yes | F29: wonfor.png
A30: P027 | B30: Charles Coney | C30: 88 | D30: Defence | E30: Yes | F30: coney.png
... A32: P029 | B32: James Moeller | C32: 81 | D32: Defence | E32: Yes | F32: moeller.png
A33: P030 | B33: Cass McCormack | C33: 0 | D33: Forward | E33: Yes

Sheet Games
A1: Games
A3: Game ID | B3: Date | C3: Face-off | D3: Opponent ID | E3: H/A | F3: Competition | G3: Thunder Score | H3: Opponent Score | I3: Result | J3: OT/SO? | K3: Venue | L3: Status | M3: Notes
A4: G001 | B4: 46264 | C4: 0.71875 | D4: T002 | E4: A | F4: Pre-season | G4: 12 | H4: 2 | I4: =IF(OR(G4="",H4=""),"",IF(G4>H4,"W",IF(G4<H4,"L","T"))) -> W | K4: Deeside Ice Arena
A5: G002 | B5: 46270 | C5: 0.76041667 | D5: T003 | E5: A | F5: Pre-season | G5: 5 | H5: 4 | I5: W | J5: OT | K5: Sapphire Ice and Leisure Centre
A6: G003 | B6: 46278 | C6: 0.77083333 | D6: T004 | E6: H | F6: League/Cup | G6: 5 | H6: 0 | I6: =IF(OR(G6="",H6=""),"",IF(G6>H6,"W",IF(G6<H6,"L","T"))) -> W | K6: Planet Ice Milton Keynes
A7: G004 | B7: 46284 | C7: 0.79166667 | D7: T005 | E7: A | F7: League/Cup | G7: 4 | H7: 5 | I7: L | J7: SO | K7: Planet Ice Gillingham
A8: G005 | B8: 46285 | C8: 0.77083333 | D8: T006 | E8: H | F8: League | G8: 6 | H8: 7 | I8: =IF(OR(G8="",H8=""),"",IF(G8>H8,"W",IF(G8<H8,"L","T"))) -> L | J8: OT | K8: Planet Ice Milton Keynes
A9: G006 | B9: 46291 | C9: 0.78125 | D9: T009 | E9: A | F9: League | G9: 1 | H9: 2 | I9: =IF(OR(G9="",H9=""),"",IF(G9>H9,"W",IF(G9<H9,"L","T"))) -> L | K9: Vindico Arena
A10: G007 | B10: 46292 | C10: 0.77083333 | D10: T011 | E10: H | F10: League/Cup | G10: 5 | H10: 3 | I10: W | K10: Planet Ice Milton Keynes
A11: G008 | B11: 46298 | C11: 0.77083333 | D11: T014 | E11: H | F11: League/Cup | G11: 4 | H11: 1 | I11: =IF(OR(G11="",H11=""),"",IF(G11>H11,"W",IF(G11<H11,"L","T"))) -> W | K11: Planet Ice Milton Keynes
A12: G009 | B12: 46306 | C12: 0.77083333 | D12: T015 | E12: H | F12: League | G12: 7 | H12: 0 | I12: W | K12: Planet Ice Milton Keynes
A13: G010 | B13: 46312 | C13: 0.72916667 | D13: T014 | E13: A | F13: League/Cup | I13: =IF(OR(G13="",H13=""),"",IF(G13>H13,"W",IF(G13<H13,"L","T"))) | K13: Lee Valley Ice Centre | L13: Upcoming
A14: G011 | B14: 46320 | C14: 0.77083333 | D14: T013 | E14: H | F14: League/Cup | I14: =IF(OR(G14="",H14=""),"",IF(G14>H14,"W",IF(G14<H14,"L","T"))) | K14: Planet Ice Milton Keynes | L14: Upcoming
A15: G012 | B15: 46327 | C15: 0.75 | D15: T004 | E15: A | F15: League/Cup | I15: =IF(OR(G15="",H15=""),"",IF(G15>H15,"W",IF(G15<H15,"L","T"))) | K15: Riverside Leisure Centre | L15: Upcoming
A16: G013 | B16: 46334 | C16: 0.75 | D16: T005 | E16: H | F16: League/Cup | I16: =IF(OR(G16="",H16=""),"",IF(G16>H16,"W",IF(G16<H16,"L","T"))) | K16: Planet Ice Milton Keynes | L16: Upcoming
A17: G014 | B17: 46340 | C17: 0.79166667 | D17: T009 | E17: H | F17: League | I17: =IF(OR(G17="",H17=""),"",IF(G17>H17,"W",IF(G17<H17,"L","T"))) | K17: Planet Ice Milton Keynes | L17: Upcoming
A18: G015 | B18: 46341 | C18: 0.70833333 | D18: T013 | E18: A | F18: League/Cup | I18: =IF(OR(G18="",H18=""),"",IF(G18>H18,"W",IF(G18<H18,"L","T"))) | K18: Planet Ice Gosport | L18: Upcoming
A19: G016 | B19: 46354 | C19: 0.79166667 | D19: T011 | E19: A | F19: League/Cup | I19: =IF(OR(G19="",H19=""),"",IF(G19>H19,"W",IF(G19<H19,"L","T"))) | K19: Planet Ice Bristol | L19: Upcoming
A20: G017 | B20: 46355 | C20: 0.72916667 | D20: T006 | E20: A | F20: League | I20: =IF(OR(G20="",H20=""),"",IF(G20>H20,"W",IF(G20<H20,"L","T"))) | K20: Guildford Spectrum | L20: Upcoming
A21: G018 | B21: 46368 | C21: 0.8125 | D21: T007 | E21: A | F21: League | I21: =IF(OR(G21="",H21=""),"",IF(G21>H21,"W",IF(G21<H21,"L","T"))) | K21: Planet Ice Peterborough | L21: Upcoming
A22: G019 | B22: 46369 | C22: 0.77083333 | D22: T008 | E22: H | F22: League | I22: =IF(OR(G22="",H22=""),"",IF(G22>H22,"W",IF(G22<H22,"L","T"))) | K22: Planet Ice Milton Keynes | L22: Upcoming
A23: G020 | B23: 46397 | C23: 0.77083333 | D23: T010 | E23: H | F23: League | I23: =IF(OR(G23="",H23=""),"",IF(G23>H23,"W",IF(G23<H23,"L","T"))) | K23: Planet Ice Milton Keynes | L23: Upcoming
A24: G021 | B24: 46417 | C24: 0.79166667 | D24: T012 | E24: H | F24: League | I24: =IF(OR(G24="",H24=""),"",IF(G24>H24,"W",IF(G24<H24,"L","T"))) | K24: Planet Ice Milton Keynes | L24: Upcoming
... A29: G026 | B29: 46467 | C29: 0.73958333 | D29: T012 | E29: A | F29: League | I29: =IF(OR(G29="",H29=""),"",IF(G29>H29,"W",IF(G29<H29,"L","T"))) | K29: Slough Ice Arena | L29: Upcoming
I30: =IF(OR(G30="",H30=""),"",IF(G30>H30,"W",IF(G30<H30,"L","T")))
I31: =IF(OR(G31="",H31=""),"",IF(G31>H31,"W",IF(G31<H31,"L","T")))
I32: =IF(OR(G32="",H32=""),"",IF(G32>H32,"W",IF(G32<H32,"L","T")))
I33: =IF(OR(G33="",H33=""),"",IF(G33>H33,"W",IF(G33<H33,"L","T")))
I34: =IF(OR(G34="",H34=""),"",IF(G34>H34,"W",IF(G34<H34,"L","T")))
I35: =IF(OR(G35="",H35=""),"",IF(G35>H35,"W",IF(G35<H35,"L","T")))
I36: =IF(OR(G36="",H36=""),"",IF(G36>H36,"W",IF(G36<H36,"L","T")))
I37: =IF(OR(G37="",H37=""),"",IF(G37>H37,"W",IF(G37<H37,"L","T")))
I38: =IF(OR(G38="",H38=""),"",IF(G38>H38,"W",IF(G38<H38,"L","T")))
I39: =IF(OR(G39="",H39=""),"",IF(G39>H39,"W",IF(G39<H39,"L","T")))
I40: =IF(OR(G40="",H40=""),"",IF(G40>H40,"W",IF(G40<H40,"L","T")))
I41: =IF(OR(G41="",H41=""),"",IF(G41>H41,"W",IF(G41<H41,"L","T")))
... I200: =IF(OR(G200="",H200=""),"",IF(G200>H200,"W",IF(G200<H200,"L","T")))

Sheet Player Game Stats
A1: Player Game Stats – one row per player per game
A3: Game ID | B3: Player ID | C3: Player Name | D3: Dressed? | E3: Goals | F3: Assists | G3: Points | H3: PIM | I3: +/- | J3: Notes
A4: G003 | B4: P001 | C4: =IF(B5="","",IFERROR(VLOOKUP(B4,Players!$A$4:$B$200,2,FALSE),"")) -> Sam Peters | D4: Yes | E4: 7 | F4: 7 | G4: =IF(AND(E4="",E4=""),"",SUM(E4:F4)) -> 14 | H4: 0
A5: G003 | B5: P002 | C5: =IF(B5="","",IFERROR(VLOOKUP(B5,Players!$A$4:$B$200,2,FALSE),"")) -> Marks Kanins | D5: Yes | E5: 1 | F5: 3 | G5: =IF(AND(E5="",F5=""),"",SUM(E5:F5)) -> 4 | H5: 0
A6: G003 | B6: P003 | C6: =IF(B6="","",IFERROR(VLOOKUP(B6,Players!$A$4:$B$200,2,FALSE),"")) -> Dominic Wealthall | D6: Yes | E6: 0 | F6: 1 | G6: =IF(AND(E6="",F6=""),"",SUM(E6:F6)) -> 1 | H6: 7
A7: G003 | B7: P005 | C7: =IF(B7="","",IFERROR(VLOOKUP(B7,Players!$A$4:$B$200,2,FALSE),"")) -> Charlie Russell | D7: Yes | E7: 2 | F7: 2 | G7: =IF(AND(E7="",F7=""),"",SUM(E7:F7)) -> 4 | H7: 0
A8: G003 | B8: P006 | C8: =IF(B8="","",IFERROR(VLOOKUP(B8,Players!$A$4:$B$200,2,FALSE),"")) -> Lewis Smith | D8: Yes | E8: 3 | F8: 4 | G8: =IF(AND(E8="",F8=""),"",SUM(E8:F8)) -> 7 | H8: 0
C9: =IF(B9="","",IFERROR(VLOOKUP(B9,Players!$A$4:$B$200,2,FALSE),"")) | G9: =IF(AND(E9="",F9=""),"",SUM(E9:F9))
C10: =IF(B10="","",IFERROR(VLOOKUP(B10,Players!$A$4:$B$200,2,FALSE),"")) | G10: =IF(AND(E10="",F10=""),"",SUM(E10:F10))
C11: =IF(B11="","",IFERROR(VLOOKUP(B11,Players!$A$4:$B$200,2,FALSE),"")) | G11: =IF(AND(E11="",F11=""),"",SUM(E11:F11))
C12: =IF(B12="","",IFERROR(VLOOKUP(B12,Players!$A$4:$B$200,2,FALSE),"")) | G12: =IF(AND(E12="",F12=""),"",SUM(E12:F12))
C13: =IF(B13="","",IFERROR(VLOOKUP(B13,Players!$A$4:$B$200,2,FALSE),"")) | G13: =IF(AND(E13="",F13=""),"",SUM(E13:F13))
C14: =IF(B14="","",IFERROR(VLOOKUP(B14,Players!$A$4:$B$200,2,FALSE),"")) | G14: =IF(AND(E14="",F14=""),"",SUM(E14:F14))
C15: =IF(B15="","",IFERROR(VLOOKUP(B15,Players!$A$4:$B$200,2,FALSE),"")) | G15: =IF(AND(E15="",F15=""),"",SUM(E15:F15))
C16: =IF(B16="","",IFERROR(VLOOKUP(B16,Players!$A$4:$B$200,2,FALSE),"")) | G16: =IF(AND(E16="",F16=""),"",SUM(E16:F16))
C17: =IF(B17="","",IFERROR(VLOOKUP(B17,Players!$A$4:$B$200,2,FALSE),"")) | G17: =IF(AND(E17="",F17=""),"",SUM(E17:F17))
C18: =IF(B18="","",IFERROR(VLOOKUP(B18,Players!$A$4:$B$200,2,FALSE),"")) | G18: =IF(AND(E18="",F18=""),"",SUM(E18:F18))
C19: =IF(B19="","",IFERROR(VLOOKUP(B19,Players!$A$4:$B$200,2,FALSE),"")) | G19: =IF(AND(E19="",F19=""),"",SUM(E19:F19))
C20: =IF(B20="","",IFERROR(VLOOKUP(B20,Players!$A$4:$B$200,2,FALSE),"")) | G20: =IF(AND(E20="",F20=""),"",SUM(E20:F20))
... C500: =IF(B500="","",IFERROR(VLOOKUP(B500,Players!$A$4:$B$200,2,FALSE),"")) | G500: =IF(AND(E500="",F500=""),"",SUM(E500:F500))

Sheet Netminder Stats
A1: Netminder Game Stats
A3: Game ID | B3: Player ID | C3: Netminder | D3: Minutes | E3: Shots Against | F3: Goals Against | G3: Saves | H3: Save % | I3: Shutout? | J3: Decision | K3: Notes
A4: G001 | B4: P004 | C4: =IF(B4="","",IFERROR(VLOOKUP(B4,Players!$A$4:$B$200,2,FALSE),"")) -> Aaron Burton | D4: 1.6666667 | E4: 23 | F4: 2 | G4: =IF(E4="","",E4-F4) -> 21 | H4: =IF(OR(E4="",E4=0),"",G4/E4) -> 0.91304348
B5: P010 | C5: =IF(B5="","",IFERROR(VLOOKUP(B5,Players!$A$4:$B$200,2,FALSE),"")) -> Nicole Jackson | D5: 0.83333333 | E5: 6 | F5: 0 | G5: =IF(E5="","",E5-F5) -> 6 | H5: =IF(OR(E5="",E5=0),"",G5/E5) -> 1
C6: =IF(B6="","",IFERROR(VLOOKUP(B6,Players!$A$4:$B$200,2,FALSE),"")) | G6: =IF(E6="","",E6-F6) | H6: =IF(OR(E6="",E6=0),"",G6/E6)
C7: =IF(B7="","",IFERROR(VLOOKUP(B7,Players!$A$4:$B$200,2,FALSE),"")) | G7: =IF(E7="","",E7-F7) | H7: =IF(OR(E7="",E7=0),"",G7/E7)
C8: =IF(B8="","",IFERROR(VLOOKUP(B8,Players!$A$4:$B$200,2,FALSE),"")) | G8: =IF(E8="","",E8-F8) | H8: =IF(OR(E8="",E8=0),"",G8/E8)
C9: =IF(B9="","",IFERROR(VLOOKUP(B9,Players!$A$4:$B$200,2,FALSE),"")) | G9: =IF(E9="","",E9-F9) | H9: =IF(OR(E9="",E9=0),"",G9/E9)
C10: =IF(B10="","",IFERROR(VLOOKUP(B10,Players!$A$4:$B$200,2,FALSE),"")) | G10: =IF(E10="","",E10-F10) | H10: =IF(OR(E10="",E10=0),"",G10/E10)
C11: =IF(B11="","",IFERROR(VLOOKUP(B11,Players!$A$4:$B$200,2,FALSE),"")) | G11: =IF(E11="","",E11-F11) | H11: =IF(OR(E11="",E11=0),"",G11/E11)
C12: =IF(B12="","",IFERROR(VLOOKUP(B12,Players!$A$4:$B$200,2,FALSE),"")) | G12: =IF(E12="","",E12-F12) | H12: =IF(OR(E12="",E12=0),"",G12/E12)
C13: =IF(B13="","",IFERROR(VLOOKUP(B13,Players!$A$4:$B$200,2,FALSE),"")) | G13: =IF(E13="","",E13-F13) | H13: =IF(OR(E13="",E13=0),"",G13/E13)
C14: =IF(B14="","",IFERROR(VLOOKUP(B14,Players!$A$4:$B$200,2,FALSE),"")) | G14: =IF(E14="","",E14-F14) | H14: =IF(OR(E14="",E14=0),"",G14/E14)
C15: =IF(B15="","",IFERROR(VLOOKUP(B15,Players!$A$4:$B$200,2,FALSE),"")) | G15: =IF(E15="","",E15-F15) | H15: =IF(OR(E15="",E15=0),"",G15/E15)
C16: =IF(B16="","",IFERROR(VLOOKUP(B16,Players!$A$4:$B$200,2,FALSE),"")) | G16: =IF(E16="","",E16-F16) | H16: =IF(OR(E16="",E16=0),"",G16/E16)
C17: =IF(B17="","",IFERROR(VLOOKUP(B17,Players!$A$4:$B$200,2,FALSE),"")) | G17: =IF(E17="","",E17-F17) | H17: =IF(OR(E17="",E17=0),"",G17/E17)
... C200: =IF(B200="","",IFERROR(VLOOKUP(B200,Players!$A$4:$B$200,2,FALSE),"")) | G200: =IF(E200="","",E200-F200) | H200: =IF(OR(E200="",E200=0),"",G200/E200)

Sheet League Table
A1: League Table
A3: Team | B3: GP | C3: W | D3: OTW | E3: OTL | F3: L | G3: GF | H3: GA | I3: GD | J3: PTS
A4: Basingstoke Bison 2 | B4: 5 | C4: 0 | D4: 0 | E4: 0 | F4: 5 | G4: 5 | H4: 46 | I4: =G4-H4 -> -41 | J4: 0
A5: Bristol Pitbulls 2 | B5: 8 | C5: 4 | D5: 0 | E5: 0 | F5: 4 | G5: 41 | H5: 30 | I5: =G5-H5 -> 11 | J5: 12
A6: Cardiff Canucks | B6: 6 | C6: 3 | D6: 0 | E6: 1 | F6: 2 | G6: 18 | H6: 23 | I6: =G6-H6 -> -5 | J6: 10
A7: Chelmsford Warriors | B7: 5 | C7: 0 | D7: 0 | E7: 0 | F7: 5 | G7: 5 | H7: 26 | I7: =G7-H7 -> -21 | J7: 0
A8: Guildford Phoenix | B8: 5 | C8: 2 | D8: 1 | E8: 0 | F8: 2 | G8: 25 | H8: 25 | I8: =G8-H8 -> 0 | J8: 8
A9: Haringey Huskies | B9: 6 | C9: 4 | D9: 0 | E9: 0 | F9: 2 | G9: 30 | H9: 15 | I9: =G9-H9 -> 15 | J9: 12
A10: Invicta Mustangs | B10: 7 | C10: 5 | D10: 1 | E10: 0 | F10: 1 | G10: 47 | H10: 22 | I10: =G10-H10 -> 25 | J10: 17
A11: Lee Valley Lions | B11: 8 | C11: 2 | D11: 1 | E11: 0 | F11: 5 | G11: 27 | H11: 42 | I11: =G11-H11 -> -15 | J11: 8
A12: MK Thunder | B12: 7 | C12: 4 | D12: 0 | E12: 2 | F12: 1 | G12: 32 | H12: 18 | I12: =G12-H12 -> 14 | J12: 14
A13: Oxford Stars | B13: 5 | C13: 2 | D13: 1 | E13: 0 | F13: 2 | G13: 20 | H13: 21 | I13: =G13-H13 -> -1 | J13: 8
A14: Peterborough Phantoms 2 | B14: 3 | C14: 2 | D14: 0 | E14: 0 | F14: 1 | G14: 15 | H14: 10 | I14: =G14-H14 -> 5 | J14: 6
A15: Slough Spitfires | B15: 8 | C15: 4 | D15: 0 | E15: 0 | F15: 4 | G15: 41 | H15: 30 | I15: =G15-H15 -> 11 | J15: 12
A16: Solent Junior Devils | B16: 3 | C16: 0 | D16: 0 | E16: 1 | F16: 2 | G16: 7 | H16: 17 | I16: =G16-H16 -> -10 | J16: 1

Sheet Cup Table
A1: Cup Table
A3: Team | B3: GP | C3: W | D3: OTW | E3: OTL | F3: L | G3: GF | H3: GA | I3: GD | J3: PTS
A4: Bristol Pitbulls 2 | B4: 5 | C4: 4 | D4: 0 | E4: 0 | F4: 1 | G4: 31 | H4: 16 | I4: =G4-H4 -> 15 | J4: 12
A5: Chelmsford Warriors | B5: 3 | C5: 0 | D5: 0 | E5: 0 | F5: 3 | G5: 2 | H5: 16 | I5: =G5-H5 -> -14 | J5: 0
A6: Invicta Mustangs | B6: 5 | C6: 3 | D6: 1 | E6: 0 | F6: 1 | G6: 33 | H6: 18 | I6: =G6-H6 -> 15 | J6: 11
A7: Lee Valley Lions | B7: 6 | C7: 1 | D7: 1 | E7: 0 | F7: 4 | G7: 19 | H7: 34 | I7: =G7-H7 -> -15 | J7: 5
A8: MK Thunder | B8: 4 | C8: 3 | D8: 0 | E8: 1 | F8: 0 | G8: 18 | H8: 9 | I8: =G8-H8 -> 9 | J8: 10
A9: Solent Junior Devils | B9: 3 | C9: 0 | D9: 0 | E9: 1 | F9: 2 | G9: 7 | H9: 17 | I9: =G9-H9 -> -10 | J9: 0

Sheet Dashboard
A1: MK Thunder Season Player Totals
L2: Team KPIs | M2: Value
A3: Player ID | B3: Player | C3: # | D3: Pos | E3: GP | F3: G | G3: A | H3: PTS | I3: PIM | J3: +/- | L3: Games entered | M3: =COUNT(Games!$A$4:$A$200) -> 0
A4: =IF(Players!A4="","",Players!A4) -> P001 | B4: =IF(A4="","",IFERROR(VLOOKUP(A4,Players!$A$4:$D$200,2,FALSE),"")) -> Sam Peters | C4: =IF(A4="","",IFERROR(VLOOKUP(A4,Players!$A$4:$D$200,3,FALSE),"")) -> 9 | D4: =IF(A4="","",IFERROR(VLOOKUP(A4,Players!$A$4:$D$200,4,FALSE),"")) -> Forward | E4: 7 | F4: 7 | G4: 7 | H4: =IF(A4="","",F4+G4) -> 14 | I4: =IF(A4="","",SUMIFS('Player Game Stats'!$H$4:$H$500,'Player Game Stats'!$B$4:$B$500,A4)) -> 0 | J4: =IF(A4="","",SUMIFS('Player Game Stats'!$I$4:$I$500,'Player Game Stats'!$B$4:$B$500,A4)) -> 0 | L4: Goals scored | M4: =SUM(Games!$G$4:$G$200) -> 49
A5: =IF(Players!A5="","",Players!A5) -> P002 | B5: =IF(A5="","",IFERROR(VLOOKUP(A5,Players!$A$4:$D$200,2,FALSE),"")) -> Marks Kanins | C5: =IF(A5="","",IFERROR(VLOOKUP(A5,Players!$A$4:$D$200,3,FALSE),"")) -> 97 | D5: =IF(A5="","",IFERROR(VLOOKUP(A5,Players!$A$4:$D$200,4,FALSE),"")) -> Forward | E5: =IF(A5="","",COUNTIFS('Player Game Stats'!$B$4:$B$500,A5,'Player Game Stats'!$D$4:$D$500,"Yes")) -> 1 | F5: =IF(A5="","",SUMIFS('Player Game Stats'!$E$4:$E$500,'Player Game Stats'!$B$4:$B$500,A5)) -> 1 | G5: =IF(A5="","",SUMIFS('Player Game Stats'!$F$4:$F$500,'Player Game Stats'!$B$4:$B$500,A5)) -> 3 | H5: =IF(A5="","",F5+G5) -> 4 | I5: =IF(A5="","",SUMIFS('Player Game Stats'!$H$4:$H$500,'Player Game Stats'!$B$4:$B$500,A5)) -> 0 | J5: =IF(A5="","",SUMIFS('Player Game Stats'!$I$4:$I$500,'Player Game Stats'!$B$4:$B$500,A5)) -> 0 | L5: Goals against | M5: =SUM(Games!$H$4:$H$200) -> 24
A6: =IF(Players!A6="","",Players!A6) -> P003 | B6: =IF(A6="","",IFERROR(VLOOKUP(A6,Players!$A$4:$D$200,2,FALSE),"")) -> Dominic Wealthall | C6: =IF(A6="","",IFERROR(VLOOKUP(A6,Players!$A$4:$D$200,3,FALSE),"")) -> 74 | D6: =IF(A6="","",IFERROR(VLOOKUP(A6,Players!$A$4:$D$200,4,FALSE),"")) -> Defence | E6: =IF(A6="","",COUNTIFS('Player Game Stats'!$B$4:$B$500,A6,'Player Game Stats'!$D$4:$D$500,"Yes")) -> 1 | F6: =IF(A6="","",SUMIFS('Player Game Stats'!$E$4:$E$500,'Player Game Stats'!$B$4:$B$500,A6)) -> 0 | G6: =IF(A6="","",SUMIFS('Player Game Stats'!$F$4:$F$500,'Player Game Stats'!$B$4:$B$500,A6)) -> 1 | H6: =IF(A6="","",F6+G6) -> 1 | I6: =IF(A6="","",SUMIFS('Player Game Stats'!$H$4:$H$500,'Player Game Stats'!$B$4:$B$500,A6)) -> 7 | J6: =IF(A6="","",SUMIFS('Player Game Stats'!$I$4:$I$500,'Player Game Stats'!$B$4:$B$500,A6)) -> 0 | L6: Wins | M6: =COUNTIF(Games!$I$4:$I$200,"W") -> 6
A7: =IF(Players!A7="","",Players!A7) -> P004 | B7: =IF(A7="","",IFERROR(VLOOKUP(A7,Players!$A$4:$D$200,2,FALSE),"")) -> Aaron Burton | C7: =IF(A7="","",IFERROR(VLOOKUP(A7,Players!$A$4:$D$200,3,FALSE),"")) -> 29 | D7: =IF(A7="","",IFERROR(VLOOKUP(A7,Players!$A$4:$D$200,4,FALSE),"")) -> Netminder | E7: =IF(A7="","",COUNTIFS('Player Game Stats'!$B$4:$B$500,A7,'Player Game Stats'!$D$4:$D$500,"Yes")) -> 0 | F7: =IF(A7="","",SUMIFS('Player Game Stats'!$E$4:$E$500,'Player Game Stats'!$B$4:$B$500,A7)) -> 0 | G7: =IF(A7="","",SUMIFS('Player Game Stats'!$F$4:$F$500,'Player Game Stats'!$B$4:$B$500,A7)) -> 0 | H7: =IF(A7="","",F7+G7) -> 0 | I7: =IF(A7="","",SUMIFS('Player Game Stats'!$H$4:$H$500,'Player Game Stats'!$B$4:$B$500,A7)) -> 0 | J7: =IF(A7="","",SUMIFS('Player Game Stats'!$I$4:$I$500,'Player Game Stats'!$B$4:$B$500,A7)) -> 0 | L7: Losses | M7: =COUNTIF(Games!$I$4:$I$200,"L") -> 3
A8: =IF(Players!A8="","",Players!A8) -> P005 | B8: =IF(A8="","",IFERROR(VLOOKUP(A8,Players!$A$4:$D$200,2,FALSE),"")) -> Charlie Russell | C8: =IF(A8="","",IFERROR(VLOOKUP(A8,Players!$A$4:$D$200,3,FALSE),"")) -> 12 | D8: =IF(A8="","",IFERROR(VLOOKUP(A8,Players!$A$4:$D$200,4,FALSE),"")) -> Forward | E8: =IF(A8="","",COUNTIFS('Player Game Stats'!$B$4:$B$500,A8,'Player Game Stats'!$D$4:$D$500,"Yes")) -> 1 | F8: =IF(A8="","",SUMIFS('Player Game Stats'!$E$4:$E$500,'Player Game Stats'!$B$4:$B$500,A8)) -> 2 | G8: =IF(A8="","",SUMIFS('Player Game Stats'!$F$4:$F$500,'Player Game Stats'!$B$4:$B$500,A8)) -> 2 | H8: =IF(A8="","",F8+G8) -> 4 | I8: =IF(A8="","",SUMIFS('Player Game Stats'!$H$4:$H$500,'Player Game Stats'!$B$4:$B$500,A8)) -> 0 | J8: =IF(A8="","",SUMIFS('Player Game Stats'!$I$4:$I$500,'Player Game Stats'!$B$4:$B$500,A8)) -> 0
A9: =IF(Players!A9="","",Players!A9) -> P006 | B9: =IF(A9="","",IFERROR(VLOOKUP(A9,Players!$A$4:$D$200,2,FALSE),"")) -> Lewis Smith | C9: =IF(A9="","",IFERROR(VLOOKUP(A9,Players!$A$4:$D$200,3,FALSE),"")) -> 13 | D9: =IF(A9="","",IFERROR(VLOOKUP(A9,Players!$A$4:$D$200,4,FALSE),"")) -> Forward | E9: =IF(A9="","",COUNTIFS('Player Game Stats'!$B$4:$B$500,A9,'Player Game Stats'!$D$4:$D$500,"Yes")) -> 1 | F9: =IF(A9="","",SUMIFS('Player Game Stats'!$E$4:$E$500,'Player Game Stats'!$B$4:$B$500,A9)) -> 3 | G9: =IF(A9="","",SUMIFS('Player Game Stats'!$F$4:$F$500,'Player Game Stats'!$B$4:$B$500,A9)) -> 4 | H9: =IF(A9="","",F9+G9) -> 7 | I9: =IF(A9="","",SUMIFS('Player Game Stats'!$H$4:$H$500,'Player Game Stats'!$B$4:$B$500,A9)) -> 0 | J9: =IF(A9="","",SUMIFS('Player Game Stats'!$I$4:$I$500,'Player Game Stats'!$B$4:$B$500,A9)) -> 0
A10: =IF(Players!A10="","",Players!A10) -> P007 | B10: =IF(A10="","",IFERROR(VLOOKUP(A10,Players!$A$4:$D$200,2,FALSE),"")) -> Robert Oxley | C10: =IF(A10="","",IFERROR(VLOOKUP(A10,Players!$A$4:$D$200,3,FALSE),"")) -> 5 | D10: =IF(A10="","",IFERROR(VLOOKUP(A10,Players!$A$4:$D$200,4,FALSE),"")) -> Defence | E10: =IF(A10="","",COUNTIFS('Player Game Stats'!$B$4:$B$500,A10,'Player Game Stats'!$D$4:$D$500,"Yes")) -> 0 | F10: =IF(A10="","",SUMIFS('Player Game Stats'!$E$4:$E$500,'Player Game Stats'!$B$4:$B$500,A10)) -> 0 | G10: =IF(A10="","",SUMIFS('Player Game Stats'!$F$4:$F$500,'Player Game Stats'!$B$4:$B$500,A10)) -> 0 | H10: =IF(A10="","",F10+G10) -> 0 | I10: =IF(A10="","",SUMIFS('Player Game Stats'!$H$4:$H$500,'Player Game Stats'!$B$4:$B$500,A10)) -> 0 | J10: =IF(A10="","",SUMIFS('Player Game Stats'!$I$4:$I$500,'Player Game Stats'!$B$4:$B$500,A10)) -> 0
A11: =IF(Players!A11="","",Players!A11) -> P008 | B11: =IF(A11="","",IFERROR(VLOOKUP(A11,Players!$A$4:$D$200,2,FALSE),"")) -> Madi Wright | C11: =IF(A11="","",IFERROR(VLOOKUP(A11,Players!$A$4:$D$200,3,FALSE),"")) -> 10 | D11: =IF(A11="","",IFERROR(VLOOKUP(A11,Players!$A$4:$D$200,4,FALSE),"")) -> Defence | E11: =IF(A11="","",COUNTIFS('Player Game Stats'!$B$4:$B$500,A11,'Player Game Stats'!$D$4:$D$500,"Yes")) -> 0 | F11: =IF(A11="","",SUMIFS('Player Game Stats'!$E$4:$E$500,'Player Game Stats'!$B$4:$B$500,A11)) -> 0 | G11: =IF(A11="","",SUMIFS('Player Game Stats'!$F$4:$F$500,'Player Game Stats'!$B$4:$B$500,A11)) -> 0 | H11: =IF(A11="","",F11+G11) -> 0 | I11: =IF(A11="","",SUMIFS('Player Game Stats'!$H$4:$H$500,'Player Game Stats'!$B$4:$B$500,A11)) -> 0 | J11: =IF(A11="","",SUMIFS('Player Game Stats'!$I$4:$I$500,'Player Game Stats'!$B$4:$B$500,A11)) -> 0
A12: =IF(Players!A12="","",Players!A12) -> P009 | B12: =IF(A12="","",IFERROR(VLOOKUP(A12,Players!$A$4:$D$200,2,FALSE),"")) -> Lizzie Nowik | C12: =IF(A12="","",IFERROR(VLOOKUP(A12,Players!$A$4:$D$200,3,FALSE),"")) -> 2 | D12: =IF(A12="","",IFERROR(VLOOKUP(A12,Players!$A$4:$D$200,4,FALSE),"")) -> Netminder | E12: =IF(A12="","",COUNTIFS('Player Game Stats'!$B$4:$B$500,A12,'Player Game Stats'!$D$4:$D$500,"Yes")) -> 0 | F12: =IF(A12="","",SUMIFS('Player Game Stats'!$E$4:$E$500,'Player Game Stats'!$B$4:$B$500,A12)) -> 0 | G12: =IF(A12="","",SUMIFS('Player Game Stats'!$F$4:$F$500,'Player Game Stats'!$B$4:$B$500,A12)) -> 0 | H12: =IF(A12="","",F12+G12) -> 0 | I12: =IF(A12="","",SUMIFS('Player Game Stats'!$H$4:$H$500,'Player Game Stats'!$B$4:$B$500,A12)) -> 0 | J12: =IF(A12="","",SUMIFS('Player Game Stats'!$I$4:$I$500,'Player Game Stats'!$B$4:$B$500,A12)) -> 0
A13: =IF(Players!A13="","",Players!A13) -> P010 | B13: =IF(A13="","",IFERROR(VLOOKUP(A13,Players!$A$4:$D$200,2,FALSE),"")) -> Nicole Jackson | C13: =IF(A13="","",IFERROR(VLOOKUP(A13,Players!$A$4:$D$200,3,FALSE),"")) -> 86 | D13: =IF(A13="","",IFERROR(VLOOKUP(A13,Players!$A$4:$D$200,4,FALSE),"")) -> Netminder | E13: =IF(A13="","",COUNTIFS('Player Game Stats'!$B$4:$B$500,A13,'Player Game Stats'!$D$4:$D$500,"Yes")) -> 0 | F13: =IF(A13="","",SUMIFS('Player Game Stats'!$E$4:$E$500,'Player Game Stats'!$B$4:$B$500,A13)) -> 0 | G13: =IF(A13="","",SUMIFS('Player Game Stats'!$F$4:$F$500,'Player Game Stats'!$B$4:$B$500,A13)) -> 0 | H13: =IF(A13="","",F13+G13) -> 0 | I13: =IF(A13="","",SUMIFS('Player Game Stats'!$H$4:$H$500,'Player Game Stats'!$B$4:$B$500,A13)) -> 0 | J13: =IF(A13="","",SUMIFS('Player Game Stats'!$I$4:$I$500,'Player Game Stats'!$B$4:$B$500,A13)) -> 0
A14: =IF(Players!A14="","",Players!A14) -> P011 | B14: =IF(A14="","",IFERROR(VLOOKUP(A14,Players!$A$4:$D$200,2,FALSE),"")) -> Xander Robinson | C14: =IF(A14="","",IFERROR(VLOOKUP(A14,Players!$A$4:$D$200,3,FALSE),"")) -> 14 | D14: =IF(A14="","",IFERROR(VLOOKUP(A14,Players!$A$4:$D$200,4,FALSE),"")) -> Forward | E14: =IF(A14="","",COUNTIFS('Player Game Stats'!$B$4:$B$500,A14,'Player Game Stats'!$D$4:$D$500,"Yes")) -> 0 | F14: =IF(A14="","",SUMIFS('Player Game Stats'!$E$4:$E$500,'Player Game Stats'!$B$4:$B$500,A14)) -> 0 | G14: =IF(A14="","",SUMIFS('Player Game Stats'!$F$4:$F$500,'Player Game Stats'!$B$4:$B$500,A14)) -> 0 | H14: =IF(A14="","",F14+G14) -> 0 | I14: =IF(A14="","",SUMIFS('Player Game Stats'!$H$4:$H$500,'Player Game Stats'!$B$4:$B$500,A14)) -> 0 | J14: =IF(A14="","",SUMIFS('Player Game Stats'!$I$4:$I$500,'Player Game Stats'!$B$4:$B$500,A14)) -> 0
A15: =IF(Players!A15="","",Players!A15) -> P012 | B15: =IF(A15="","",IFERROR(VLOOKUP(A15,Players!$A$4:$D$200,2,FALSE),"")) -> Joshua Blackwood | C15: =IF(A15="","",IFERROR(VLOOKUP(A15,Players!$A$4:$D$200,3,FALSE),"")) -> 18 | D15: =IF(A15="","",IFERROR(VLOOKUP(A15,Players!$A$4:$D$200,4,FALSE),"")) -> Forward | E15: =IF(A15="","",COUNTIFS('Player Game Stats'!$B$4:$B$500,A15,'Player Game Stats'!$D$4:$D$500,"Yes")) -> 0 | F15: =IF(A15="","",SUMIFS('Player Game Stats'!$E$4:$E$500,'Player Game Stats'!$B$4:$B$500,A15)) -> 0 | G15: =IF(A15="","",SUMIFS('Player Game Stats'!$F$4:$F$500,'Player Game Stats'!$B$4:$B$500,A15)) -> 0 | H15: =IF(A15="","",F15+G15) -> 0 | I15: =IF(A15="","",SUMIFS('Player Game Stats'!$H$4:$H$500,'Player Game Stats'!$B$4:$B$500,A15)) -> 0 | J15: =IF(A15="","",SUMIFS('Player Game Stats'!$I$4:$I$500,'Player Game Stats'!$B$4:$B$500,A15)) -> 0
A16: =IF(Players!A16="","",Players!A16) -> P013 | B16: =IF(A16="","",IFERROR(VLOOKUP(A16,Players!$A$4:$D$200,2,FALSE),"")) -> Harry MacGarvery | C16: =IF(A16="","",IFERROR(VLOOKUP(A16,Players!$A$4:$D$200,3,FALSE),"")) -> 22 | D16: =IF(A16="","",IFERROR(VLOOKUP(A16,Players!$A$4:$D$200,4,FALSE),"")) -> Forward | E16: =IF(A16="","",COUNTIFS('Player Game Stats'!$B$4:$B$500,A16,'Player Game Stats'!$D$4:$D$500,"Yes")) -> 0 | F16: =IF(A16="","",SUMIFS('Player Game Stats'!$E$4:$E$500,'Player Game Stats'!$B$4:$B$500,A16)) -> 0 | G16: =IF(A16="","",SUMIFS('Player Game Stats'!$F$4:$F$500,'Player Game Stats'!$B$4:$B$500,A16)) -> 0 | H16: =IF(A16="","",F16+G16) -> 0 | I16: =IF(A16="","",SUMIFS('Player Game Stats'!$H$4:$H$500,'Player Game Stats'!$B$4:$B$500,A16)) -> 0 | J16: =IF(A16="","",SUMIFS('Player Game Stats'!$I$4:$I$500,'Player Game Stats'!$B$4:$B$500,A16)) -> 0
A17: =IF(Players!A17="","",Players!A17) -> P014 | B17: =IF(A17="","",IFERROR(VLOOKUP(A17,Players!$A$4:$D$200,2,FALSE),"")) -> Chalie Conroy | C17: =IF(A17="","",IFERROR(VLOOKUP(A17,Players!$A$4:$D$200,3,FALSE),"")) -> 24 | D17: =IF(A17="","",IFERROR(VLOOKUP(A17,Players!$A$4:$D$200,4,FALSE),"")) -> Forward | E17: =IF(A17="","",COUNTIFS('Player Game Stats'!$B$4:$B$500,A17,'Player Game Stats'!$D$4:$D$500,"Yes")) -> 0 | F17: =IF(A17="","",SUMIFS('Player Game Stats'!$E$4:$E$500,'Player Game Stats'!$B$4:$B$500,A17)) -> 0 | G17: =IF(A17="","",SUMIFS('Player Game Stats'!$F$4:$F$500,'Player Game Stats'!$B$4:$B$500,A17)) -> 0 | H17: =IF(A17="","",F17+G17) -> 0 | I17: =IF(A17="","",SUMIFS('Player Game Stats'!$H$4:$H$500,'Player Game Stats'!$B$4:$B$500,A17)) -> 0 | J17: =IF(A17="","",SUMIFS('Player Game Stats'!$I$4:$I$500,'Player Game Stats'!$B$4:$B$500,A17)) -> 0
A18: =IF(Players!A18="","",Players!A18) -> P015 | B18: =IF(A18="","",IFERROR(VLOOKUP(A18,Players!$A$4:$D$200,2,FALSE),"")) -> Oliver Broyd | C18: =IF(A18="","",IFERROR(VLOOKUP(A18,Players!$A$4:$D$200,3,FALSE),"")) -> 33 | D18: =IF(A18="","",IFERROR(VLOOKUP(A18,Players!$A$4:$D$200,4,FALSE),"")) -> Forward | E18: =IF(A18="","",COUNTIFS('Player Game Stats'!$B$4:$B$500,A18,'Player Game Stats'!$D$4:$D$500,"Yes")) -> 0 | F18: =IF(A18="","",SUMIFS('Player Game Stats'!$E$4:$E$500,'Player Game Stats'!$B$4:$B$500,A18)) -> 0 | G18: =IF(A18="","",SUMIFS('Player Game Stats'!$F$4:$F$500,'Player Game Stats'!$B$4:$B$500,A18)) -> 0 | H18: =IF(A18="","",F18+G18) -> 0 | I18: =IF(A18="","",SUMIFS('Player Game Stats'!$H$4:$H$500,'Player Game Stats'!$B$4:$B$500,A18)) -> 0 | J18: =IF(A18="","",SUMIFS('Player Game Stats'!$I$4:$I$500,'Player Game Stats'!$B$4:$B$500,A18)) -> 0
A19: =IF(Players!A19="","",Players!A19) -> P016 | B19: =IF(A19="","",IFERROR(VLOOKUP(A19,Players!$A$4:$D$200,2,FALSE),"")) -> Connor Mellett | C19: =IF(A19="","",IFERROR(VLOOKUP(A19,Players!$A$4:$D$200,3,FALSE),"")) -> 37 | D19: =IF(A19="","",IFERROR(VLOOKUP(A19,Players!$A$4:$D$200,4,FALSE),"")) -> Forward | E19: =IF(A19="","",COUNTIFS('Player Game Stats'!$B$4:$B$500,A19,'Player Game Stats'!$D$4:$D$500,"Yes")) -> 0 | F19: =IF(A19="","",SUMIFS('Player Game Stats'!$E$4:$E$500,'Player Game Stats'!$B$4:$B$500,A19)) -> 0 | G19: =IF(A19="","",SUMIFS('Player Game Stats'!$F$4:$F$500,'Player Game Stats'!$B$4:$B$500,A19)) -> 0 | H19: =IF(A19="","",F19+G19) -> 0 | I19: =IF(A19="","",SUMIFS('Player Game Stats'!$H$4:$H$500,'Player Game Stats'!$B$4:$B$500,A19)) -> 0 | J19: =IF(A19="","",SUMIFS('Player Game Stats'!$I$4:$I$500,'Player Game Stats'!$B$4:$B$500,A19)) -> 0
... A103: =IF(Players!A103="","",Players!A103) | B103: =IF(A103="","",IFERROR(VLOOKUP(A103,Players!$A$4:$D$200,2,FALSE),"")) | C103: =IF(A103="","",IFERROR(VLOOKUP(A103,Players!$A$4:$D$200,3,FALSE),"")) | D103: =IF(A103="","",IFERROR(VLOOKUP(A103,Players!$A$4:$D$200,4,FALSE),"")) | E103: =IF(A103="","",COUNTIFS('Player Game Stats'!$B$4:$B$500,A103,'Player Game Stats'!$D$4:$D$500,"Yes")) | F103: =IF(A103="","",SUMIFS('Player Game Stats'!$E$4:$E$500,'Player Game Stats'!$B$4:$B$500,A103)) | G103: =IF(A103="","",SUMIFS('Player Game Stats'!$F$4:$F$500,'Player Game Stats'!$B$4:$B$500,A103)) | H103: =IF(A103="","",F103+G103) | I103: =IF(A103="","",SUMIFS('Player Game Stats'!$H$4:$H$500,'Player Game Stats'!$B$4:$B$500,A103)) | J103: =IF(A103="","",SUMIFS('Player Game Stats'!$I$4:$I$500,'Player Game Stats'!$B$4:$B$500,A103))
